2341	/Users/mxmxmx888/Desktop/KCL/SEG 2/CW2/reggie_seg/apps/api/src/features/teamAllocation/service.ts
1704	/Users/mxmxmx888/Desktop/KCL/SEG 2/CW2/reggie_seg/apps/api/src/features/projects/repo.ts
1678	/Users/mxmxmx888/Desktop/KCL/SEG 2/CW2/reggie_seg/apps/api/src/features/teamAllocation/repo.ts
1204	/Users/mxmxmx888/Desktop/KCL/SEG 2/CW2/reggie_seg/apps/api/src/features/teamAllocation/controller.ts
1096	/Users/mxmxmx888/Desktop/KCL/SEG 2/CW2/reggie_seg/apps/web/src/features/staff/projects/components/StaffProjectCreatePanel.view.tsx
994	/Users/mxmxmx888/Desktop/KCL/SEG 2/CW2/reggie_seg/apps/api/src/features/projects/controller.core.test.ts
989	/Users/mxmxmx888/Desktop/KCL/SEG 2/CW2/reggie_seg/apps/web/src/features/forum/components/DiscussionForumClient.test.scenarios.tsx
970	/Users/mxmxmx888/Desktop/KCL/SEG 2/CW2/reggie_seg/apps/web/src/features/staff/projects/components/StaffCustomisedAllocationPanel.view.tsx
826	/Users/mxmxmx888/Desktop/KCL/SEG 2/CW2/reggie_seg/apps/api/src/features/projects/service.test.ts
824	/Users/mxmxmx888/Desktop/KCL/SEG 2/CW2/reggie_seg/apps/web/src/features/github/components/GithubRepoChartsDashboard.tsx
782	/Users/mxmxmx888/Desktop/KCL/SEG 2/CW2/reggie_seg/apps/web/src/features/staff/projects/styles/staff-projects/base.content.css
726	/Users/mxmxmx888/Desktop/KCL/SEG 2/CW2/reggie_seg/apps/api/src/features/teamAllocation/customAllocator.ts
694	/Users/mxmxmx888/Desktop/KCL/SEG 2/CW2/reggie_seg/apps/web/app/styles/app-shell/components-admin/enterprise-modules.content.css
597	/Users/mxmxmx888/Desktop/KCL/SEG 2/CW2/reggie_seg/apps/api/src/features/questionnaires/controller.test.ts
595	/Users/mxmxmx888/Desktop/KCL/SEG 2/CW2/reggie_seg/apps/web/src/features/staff/projects/components/StaffAllocationDraftsPanel.view.tsx
586	/Users/mxmxmx888/Desktop/KCL/SEG 2/CW2/reggie_seg/apps/web/app/styles/marketing/header-footer.content.css
579	/Users/mxmxmx888/Desktop/KCL/SEG 2/CW2/reggie_seg/apps/api/src/features/projects/warnings/controller.test.ts
577	/Users/mxmxmx888/Desktop/KCL/SEG 2/CW2/reggie_seg/apps/web/src/features/forum/styles/discussion-forum.content.css
576	/Users/mxmxmx888/Desktop/KCL/SEG 2/CW2/reggie_seg/apps/api/src/features/github/service.repositories.test.ts
557	/Users/mxmxmx888/Desktop/KCL/SEG 2/CW2/reggie_seg/apps/api/src/features/projects/service.ts
557	/Users/mxmxmx888/Desktop/KCL/SEG 2/CW2/reggie_seg/apps/web/src/features/enterprise/components/EnterpriseModuleCreateForm.tsx
550	/Users/mxmxmx888/Desktop/KCL/SEG 2/CW2/reggie_seg/apps/web/app/(app)/staff/projects/[projectId]/teams/[teamId]/page.tsx
543	/Users/mxmxmx888/Desktop/KCL/SEG 2/CW2/reggie_seg/apps/web/src/features/staff/projects/styles/staff-projects/allocation-manual.css
539	/Users/mxmxmx888/Desktop/KCL/SEG 2/CW2/reggie_seg/apps/web/src/features/projects/api/teamAllocation.ts
538	/Users/mxmxmx888/Desktop/KCL/SEG 2/CW2/reggie_seg/apps/api/src/features/projects/team-health-review/repo.test.ts
536	/Users/mxmxmx888/Desktop/KCL/SEG 2/CW2/reggie_seg/apps/web/src/features/questionnaires/components/EditQuestionnaireClient.view.tsx
532	/Users/mxmxmx888/Desktop/KCL/SEG 2/CW2/reggie_seg/apps/api/src/features/projects/repo.staff-deadline-access.test.ts
517	/Users/mxmxmx888/Desktop/KCL/SEG 2/CW2/reggie_seg/apps/web/app/(app)/staff/projects/[projectId]/teams/[teamId]/teamhealth/page.tsx
508	/Users/mxmxmx888/Desktop/KCL/SEG 2/CW2/reggie_seg/apps/api/src/features/forum/controller.test.ts
504	/Users/mxmxmx888/Desktop/KCL/SEG 2/CW2/reggie_seg/apps/api/src/features/enterpriseAdmin/router.ts
503	/Users/mxmxmx888/Desktop/KCL/SEG 2/CW2/reggie_seg/apps/api/src/features/projects/controller.core.ts
500	/Users/mxmxmx888/Desktop/KCL/SEG 2/CW2/reggie_seg/apps/web/app/styles/tokens.css
491	/Users/mxmxmx888/Desktop/KCL/SEG 2/CW2/reggie_seg/apps/web/src/features/peerAssessment/components/PeerAssessmentForm.tsx
489	/Users/mxmxmx888/Desktop/KCL/SEG 2/CW2/reggie_seg/apps/api/src/features/projects/team-health-review/repo.ts
487	/Users/mxmxmx888/Desktop/KCL/SEG 2/CW2/reggie_seg/apps/web/src/features/github/components/GithubRepoChartsDashboard.helpers.ts
479	/Users/mxmxmx888/Desktop/KCL/SEG 2/CW2/reggie_seg/apps/api/src/features/projects/repo.highAuthorship.impl.ts
479	/Users/mxmxmx888/Desktop/KCL/SEG 2/CW2/reggie_seg/apps/web/src/features/staff/projects/components/StaffRandomAllocationPreview.view.tsx
476	/Users/mxmxmx888/Desktop/KCL/SEG 2/CW2/reggie_seg/apps/web/app/styles/base.content.css
472	/Users/mxmxmx888/Desktop/KCL/SEG 2/CW2/reggie_seg/apps/api/prisma/seed/team-health-warning-scenario.ts
472	/Users/mxmxmx888/Desktop/KCL/SEG 2/CW2/reggie_seg/apps/api/src/features/peerAssessment/controller.test.ts
472	/Users/mxmxmx888/Desktop/KCL/SEG 2/CW2/reggie_seg/apps/web/app/(app)/profile/page.tsx
468	/Users/mxmxmx888/Desktop/KCL/SEG 2/CW2/reggie_seg/apps/web/src/features/projects/components/TeamFormationPanel.view.tsx
459	/Users/mxmxmx888/Desktop/KCL/SEG 2/CW2/reggie_seg/apps/api/src/features/trello/service.test.ts
458	/Users/mxmxmx888/Desktop/KCL/SEG 2/CW2/reggie_seg/apps/api/src/auth/service.impl.ts
453	/Users/mxmxmx888/Desktop/KCL/SEG 2/CW2/reggie_seg/apps/api/src/features/trello/controller.test.ts
453	/Users/mxmxmx888/Desktop/KCL/SEG 2/CW2/reggie_seg/apps/web/src/features/questionnaires/components/NewQuestionnaireClient.view.tsx
446	/Users/mxmxmx888/Desktop/KCL/SEG 2/CW2/reggie_seg/apps/web/src/features/github/components/GithubProjectReposClient.view.tsx
445	/Users/mxmxmx888/Desktop/KCL/SEG 2/CW2/reggie_seg/apps/web/src/features/staff/projects/styles/staff-projects/team.css
443	/Users/mxmxmx888/Desktop/KCL/SEG 2/CW2/reggie_seg/apps/web/src/features/staff/projects/styles/staff-projects/policy.content.css
435	/Users/mxmxmx888/Desktop/KCL/SEG 2/CW2/reggie_seg/apps/api/src/features/enterpriseAdmin/router.extra.test.scenarios.ts
432	/Users/mxmxmx888/Desktop/KCL/SEG 2/CW2/reggie_seg/apps/api/src/features/projects/team-health-review/controller.test.ts
432	/Users/mxmxmx888/Desktop/KCL/SEG 2/CW2/reggie_seg/apps/web/src/features/enterprise/components/useEnterpriseModuleCreateFormState.test.ts
428	/Users/mxmxmx888/Desktop/KCL/SEG 2/CW2/reggie_seg/apps/web/src/features/trello/styles/board-view.content.css
427	/Users/mxmxmx888/Desktop/KCL/SEG 2/CW2/reggie_seg/apps/web/app/(app)/staff/projects/[projectId]/teams/[teamId]/teamhealth/page.test.tsx
425	/Users/mxmxmx888/Desktop/KCL/SEG 2/CW2/reggie_seg/apps/api/src/features/teamAllocation/service.drafts.ts
424	/Users/mxmxmx888/Desktop/KCL/SEG 2/CW2/reggie_seg/apps/web/src/features/staff/projects/components/useCustomisedAllocation.impl.ts
421	/Users/mxmxmx888/Desktop/KCL/SEG 2/CW2/reggie_seg/apps/api/src/features/teamAllocation/allocation.service.ts
419	/Users/mxmxmx888/Desktop/KCL/SEG 2/CW2/reggie_seg/apps/api/src/features/admin/router.middleware-users.test.ts
419	/Users/mxmxmx888/Desktop/KCL/SEG 2/CW2/reggie_seg/apps/web/app/styles/marketing/components.css
417	/Users/mxmxmx888/Desktop/KCL/SEG 2/CW2/reggie_seg/apps/api/src/features/projects/repo.read-create.test.ts
416	/Users/mxmxmx888/Desktop/KCL/SEG 2/CW2/reggie_seg/apps/api/src/features/questionnaires/repo.test.ts
414	/Users/mxmxmx888/Desktop/KCL/SEG 2/CW2/reggie_seg/apps/api/src/features/github/oauth.service.ts
413	/Users/mxmxmx888/Desktop/KCL/SEG 2/CW2/reggie_seg/apps/api/src/features/meetings/service.crud.test.ts
413	/Users/mxmxmx888/Desktop/KCL/SEG 2/CW2/reggie_seg/apps/web/src/features/meetings/components/MeetingList.test.tsx
412	/Users/mxmxmx888/Desktop/KCL/SEG 2/CW2/reggie_seg/apps/api/src/features/admin/router.enterprise-audit.test.ts
411	/Users/mxmxmx888/Desktop/KCL/SEG 2/CW2/reggie_seg/apps/web/src/features/trello/views/TrelloLinkBoardView.test.tsx
409	/Users/mxmxmx888/Desktop/KCL/SEG 2/CW2/reggie_seg/apps/api/src/features/projects/warnings/service.ts
405	/Users/mxmxmx888/Desktop/KCL/SEG 2/CW2/reggie_seg/apps/api/src/features/enterpriseAdmin/service.module-management.test.scenarios.ts
405	/Users/mxmxmx888/Desktop/KCL/SEG 2/CW2/reggie_seg/apps/api/src/features/enterpriseAdmin/service.overview-search.test.scenarios.ts
402	/Users/mxmxmx888/Desktop/KCL/SEG 2/CW2/reggie_seg/apps/api/src/features/github/service.analysis.run.ts
402	/Users/mxmxmx888/Desktop/KCL/SEG 2/CW2/reggie_seg/apps/web/app/styles/app-shell/profile.css
402	/Users/mxmxmx888/Desktop/KCL/SEG 2/CW2/reggie_seg/apps/web/src/features/staff/projects/components/StaffCustomisedAllocationPanel.test.tsx
401	/Users/mxmxmx888/Desktop/KCL/SEG 2/CW2/reggie_seg/apps/web/app/styles/app-shell/feature-panels-github/chart-section.css
